<?xml version="1.0" encoding="utf-8"?>
<merger version="3"><dataSet aapt-namespace="http://schemas.android.com/apk/res-auto" config="main$Generated" generated="true" ignore_pattern="!.svn:!.git:!.ds_store:!*.scc:.*:&lt;dir>_*:!CVS:!thumbs.db:!picasa.ini:!*~"><source path="C:\Users\Lias\AndroidStudioProjects\MyApplication\app\src\main\res"/></dataSet><dataSet aapt-namespace="http://schemas.android.com/apk/res-auto" config="main" generated-set="main$Generated" ignore_pattern="!.svn:!.git:!.ds_store:!*.scc:.*:&lt;dir>_*:!CVS:!thumbs.db:!picasa.ini:!*~"><source path="C:\Users\Lias\AndroidStudioProjects\MyApplication\app\src\main\res"><file name="dice_1" path="C:\Users\Lias\AndroidStudioProjects\MyApplication\app\src\main\res\drawable\dice_1.png" qualifiers="" type="drawable"/><file name="dice_2" path="C:\Users\Lias\AndroidStudioProjects\MyApplication\app\src\main\res\drawable\dice_2.png" qualifiers="" type="drawable"/><file name="dice_3" path="C:\Users\Lias\AndroidStudioProjects\MyApplication\app\src\main\res\drawable\dice_3.png" qualifiers="" type="drawable"/><file name="dice_4" path="C:\Users\Lias\AndroidStudioProjects\MyApplication\app\src\main\res\drawable\dice_4.png" qualifiers="" type="drawable"/><file name="dice_5" path="C:\Users\Lias\AndroidStudioProjects\MyApplication\app\src\main\res\drawable\dice_5.png" qualifiers="" type="drawable"/><file name="dice_6" path="C:\Users\Lias\AndroidStudioProjects\MyApplication\app\src\main\res\drawable\dice_6.png" qualifiers="" type="drawable"/><file name="ic_launcher_background" path="C:\Users\Lias\AndroidStudioProjects\MyApplication\app\src\main\res\drawable\ic_launcher_background.xml" qualifiers="" type="drawable"/><file name="ic_launcher_foreground" path="C:\Users\Lias\AndroidStudioProjects\MyApplication\app\src\main\res\drawable\ic_launcher_foreground.xml" qualifiers="" type="drawable"/><file name="activity_main" path="C:\Users\Lias\AndroidStudioProjects\MyApplication\app\src\main\res\layout\activity_main.xml" qualifiers="" type="layout"/><file name="ic_launcher" path="C:\Users\Lias\AndroidStudioProjects\MyApplication\app\src\main\res\mipmap-anydpi-v26\ic_launcher.xml" qualifiers="anydpi-v26" type="mipmap"/><file name="ic_launcher_round" path="C:\Users\Lias\AndroidStudioProjects\MyApplication\app\src\main\res\mipmap-anydpi-v26\ic_launcher_round.xml" qualifiers="anydpi-v26" type="mipmap"/><file name="ic_launcher" path="C:\Users\Lias\AndroidStudioProjects\MyApplication\app\src\main\res\mipmap-hdpi\ic_launcher.webp" qualifiers="hdpi-v4" type="mipmap"/><file name="ic_launcher_round" path="C:\Users\Lias\AndroidStudioProjects\MyApplication\app\src\main\res\mipmap-hdpi\ic_launcher_round.webp" qualifiers="hdpi-v4" type="mipmap"/><file name="ic_launcher" path="C:\Users\Lias\AndroidStudioProjects\MyApplication\app\src\main\res\mipmap-mdpi\ic_launcher.webp" qualifiers="mdpi-v4" type="mipmap"/><file name="ic_launcher_round" path="C:\Users\Lias\AndroidStudioProjects\MyApplication\app\src\main\res\mipmap-mdpi\ic_launcher_round.webp" qualifiers="mdpi-v4" type="mipmap"/><file name="ic_launcher" path="C:\Users\Lias\AndroidStudioProjects\MyApplication\app\src\main\res\mipmap-xhdpi\ic_launcher.webp" qualifiers="xhdpi-v4" type="mipmap"/><file name="ic_launcher_round" path="C:\Users\Lias\AndroidStudioProjects\MyApplication\app\src\main\res\mipmap-xhdpi\ic_launcher_round.webp" qualifiers="xhdpi-v4" type="mipmap"/><file name="ic_launcher" path="C:\Users\Lias\AndroidStudioProjects\MyApplication\app\src\main\res\mipmap-xxhdpi\ic_launcher.webp" qualifiers="xxhdpi-v4" type="mipmap"/><file name="ic_launcher_round" path="C:\Users\Lias\AndroidStudioProjects\MyApplication\app\src\main\res\mipmap-xxhdpi\ic_launcher_round.webp" qualifiers="xxhdpi-v4" type="mipmap"/><file name="ic_launcher" path="C:\Users\Lias\AndroidStudioProjects\MyApplication\app\src\main\res\mipmap-xxxhdpi\ic_launcher.webp" qualifiers="xxxhdpi-v4" type="mipmap"/><file name="ic_launcher_round" path="C:\Users\Lias\AndroidStudioProjects\MyApplication\app\src\main\res\mipmap-xxxhdpi\ic_launcher_round.webp" qualifiers="xxxhdpi-v4" type="mipmap"/><file path="C:\Users\Lias\AndroidStudioProjects\MyApplication\app\src\main\res\values\colors.xml" qualifiers=""><color name="black">#FF000000</color><color name="white">#FFFFFFFF</color></file><file path="C:\Users\Lias\AndroidStudioProjects\MyApplication\app\src\main\res\values\strings.xml" qualifiers=""><string name="app_name">My Application</string></file><file path="C:\Users\Lias\AndroidStudioProjects\MyApplication\app\src\main\res\values\themes.xml" qualifiers=""><style name="Base.Theme.MyApplication" parent="Theme.Material3.DayNight.NoActionBar">

        <item name="windowNoTitle">true</item>
        
        
    </style><style name="Theme.MyApplication" parent="Base.Theme.MyApplication"/></file><file path="C:\Users\Lias\AndroidStudioProjects\MyApplication\app\src\main\res\values-night\themes.xml" qualifiers="night-v8"><style name="Base.Theme.MyApplication" parent="Theme.Material3.DayNight.NoActionBar">
        
        
    </style></file><file name="backup_rules" path="C:\Users\Lias\AndroidStudioProjects\MyApplication\app\src\main\res\xml\backup_rules.xml" qualifiers="" type="xml"/><file name="data_extraction_rules" path="C:\Users\Lias\AndroidStudioProjects\MyApplication\app\src\main\res\xml\data_extraction_rules.xml" qualifiers="" type="xml"/></source></dataSet><dataSet aapt-namespace="http://schemas.android.com/apk/res-auto" config="debug$Generated" generated="true" ignore_pattern="!.svn:!.git:!.ds_store:!*.scc:.*:&lt;dir>_*:!CVS:!thumbs.db:!picasa.ini:!*~"><source path="C:\Users\Lias\AndroidStudioProjects\MyApplication\app\src\debug\res"/></dataSet><dataSet aapt-namespace="http://schemas.android.com/apk/res-auto" config="debug" generated-set="debug$Generated" ignore_pattern="!.svn:!.git:!.ds_store:!*.scc:.*:&lt;dir>_*:!CVS:!thumbs.db:!picasa.ini:!*~"><source path="C:\Users\Lias\AndroidStudioProjects\MyApplication\app\src\debug\res"/></dataSet><dataSet aapt-namespace="http://schemas.android.com/apk/res-auto" config="generated$Generated" generated="true" ignore_pattern="!.svn:!.git:!.ds_store:!*.scc:.*:&lt;dir>_*:!CVS:!thumbs.db:!picasa.ini:!*~"><source path="C:\Users\Lias\AndroidStudioProjects\MyApplication\app\build\generated\res\resValues\debug"/></dataSet><dataSet aapt-namespace="http://schemas.android.com/apk/res-auto" config="generated" generated-set="generated$Generated" ignore_pattern="!.svn:!.git:!.ds_store:!*.scc:.*:&lt;dir>_*:!CVS:!thumbs.db:!picasa.ini:!*~"><source path="C:\Users\Lias\AndroidStudioProjects\MyApplication\app\build\generated\res\resValues\debug"/></dataSet><mergedItems/></merger>